query, subject, Z_score, rmsd, lali, nres, pID, cat_nucleophile, cat_his, cat_acid, loop, length, swap_target, query_range, subject_range, loop, length, swap_target, query_range, subject_range, loop, length, swap_target, query_range, subject_range, loop, length, swap_target, query_range, subject_range, loop, length, swap_target, query_range, subject_range, loop, length, swap_target, query_range, subject_range, loop, length, swap_target, query_range, subject_range, loop, length, swap_target, query_range, subject_range, loop, length, swap_target, query_range, subject_range, loop, length, swap_target, query_range, subject_range, loop, length, swap_target, query_range, subject_range, loop, length, swap_target, query_range, subject_range, loop, length, swap_target, query_range, subject_range, loop, length, swap_target, query_range, subject_range
TEV, 1AGJ,13.5,2.9,160,242,21, S195, H72, D120, N,8, False, , ,1,0, False, , ,2,1, False, , ,3,11, True, 43-55, 69-84,4,16, False, , ,5,2, False, , ,6,5, False, , ,7,30, False, , ,8,4, True, 113-124, 160-171,9,10, False, , ,10,9, True, 142-154, 186-198,11,2, False, , ,12,8, True, 171-176, 214-223, C,12, False, , 
TEV, 1AMH,12.8,3.4,160,223,12, S195, H57, D102, N,8, False, , ,1,0, False, , ,2,1, False, , ,3,7, False, , ,4,14, False, , ,5,2, False, , ,6,11, False, , ,7,26, False, , ,8,4, False, , ,9,22, True, 125-139, 157-180,10,14, True, 142-154, 183-198,11,1, False, , ,12,5, False, , , C,14, False, , 
TEV, 1AO5,13,3.3,161,236,14, S195, H57, D102, N,8, False, , ,1,0, False, , ,2,1, False, , ,3,7, False, , ,4,14, False, , ,5,2, False, , ,6,22, True, 76-83, 90-104,7,26, False, , ,8,4, True, 113-124, 140-156,9,22, True, 125-139, 157-180,10,14, True, 142-154, 183-198,11,1, False, , ,12,8, True, 169-177, 215-226, C,15, False, , 
TEV, 1AZZ,13.7,3,161,226,15, S195, H57, D102, N,8, False, , ,1,0, False, , ,2,1, False, , ,3,9, True, 43-55, 54-63,4,14, False, , ,5,2, False, , ,6,11, False, , ,7,26, False, , ,8,4, False, , ,9,21, True, 125-139, 157-180,10,13, True, 142-154, 183-198,11,1, False, , ,12,8, True, 171-177, 217-226, C,12, False, , 
TEV, 1B0F,13.3,3,161,218,16, S195, H57, D102, N,8, False, , ,1,0, False, , ,2,1, False, , ,3,11, True, 43-55, 54-65,4,14, False, , ,5,2, False, , ,6,10, False, , ,7,28, False, , ,8,4, False, , ,9,13, False, , ,10,14, True, 142-154, 183-198,11,1, False, , ,12,8, True, 169-177, 215-226, C,10, False, , 
TEV, 1BRU,13.4,3.4,170,241,14, S195, H57, D102, N,8, False, , ,1,2, False, , ,2,1, False, , ,3,9, True, 43-55, 54-65,4,14, False, , ,5,3, False, , ,6,13, False, , ,7,28, False, , ,8,4, False, , ,9,24, True, 125-139, 157-180,10,13, True, 142-154, 183-198,11,6, False, , ,12,9, True, 169-177, 215-226, C,14, False, , 
TEV, 1EKB,12.4,3.2,162,235,10, S195, H57, D102, N,8, False, , ,1,0, False, , ,2,1, False, , ,3,11, True, 43-55, 54-64,4,15, False, , ,5,2, False, , ,6,11, True, 76-83, 90-104,7,28, False, , ,8,4, False, , ,9,23, True, 125-139, 157-180,10,14, True, 142-154, 183-198,11,5, False, , ,12,7, False, , , C,10, False, , 
TEV, 1EQ9,12.8,3.3,156,222,16, S195, H57, D102, N,8, False, , ,1,0, False, , ,2,1, False, , ,3,12, True, 43-55, 54-63,4,11, False, , ,5,2, False, , ,6,11, True, 76-83, 90-104,7,27, False, , ,8,4, False, , ,9,21, True, 125-139, 157-180,10,13, True, 142-154, 183-198,11,1, False, , ,12,6, True, 169-177, 215-226, C,11, False, , 
TEV, 1EZX,7.7,2.8,111,140,12, None, H57, D102, N,0, False, , ,1,0, False, , ,2,1, False, , ,3,6, True, 43-50, 54-61,4,0, False, , ,5,2, False, , ,6,11, False, , ,7,15, False, , ,8,2, False, , ,9,23, False, , ,10,9, True, 142-155, 183-199,11,1, False, , ,12,4, False, , , C,14, False, , 
TEV, 1FDP,11.9,3.1,149,198,11, S193, H57, D102, N,6, False, , ,1,0, False, , ,2,1, False, , ,3,11, True, 43-55, 54-64,4,13, False, , ,5,3, False, , ,6,11, False, , ,7,28, False, , ,8,1, True, 113-124, 140-155,9,24, True, 125-139, 156-179,10,5, True, 142-154, 182-196,11,1, False, , ,12,2, True, 167-177, 211-223, C,12, False, , 
TEV, 1FI8,13.3,3,160,227,13, S195, H57, D102, N,8, False, , ,1,3, False, , ,2,1, False, , ,3,7, True, 43-54, 54-64,4,14, False, , ,5,3, False, , ,6,11, True, 76-83, 90-104,7,28, False, , ,8,4, False, , ,9,23, True, 125-139, 157-180,10,14, True, 142-154, 183-198,11,1, False, , ,12,4, True, 171-178, 217-227, C,12, False, , 
TEV, 1FIZ,12.7,3.6,168,263,15, S195, H57, D102, N,8, False, , ,1,4, False, , ,2,1, False, , ,3,12, True, 43-55, 54-63,4,19, False, , ,5,2, False, , ,6,11, True, 76-83, 90-104,7,29, False, , ,8,4, True, 113-124, 140-156,9,24, True, 125-139, 157-180,10,14, True, 142-154, 183-198,11,7, False, , ,12,7, False, , , C,14, False, , 
TEV, 1FUJ,13,2.9,158,221,17, S195, H57, D102, N,8, False, , ,1,2, False, , ,2,1, False, , ,3,11, True, 43-55, 54-64,4,14, False, , ,5,2, False, , ,6,10, False, , ,7,28, False, , ,8,4, False, , ,9,13, False, , ,10,14, True, 142-154, 183-198,11,1, False, , ,12,8, True, 169-177, 215-226, C,10, False, , 
TEV, 1FY1,13.2,3.4,165,225,15, G175, S41, D89, N,8, False, , ,1,0, False, , ,2,1, False, , ,3,10, True, 43-56, 38-52,4,15, False, , ,5,2, False, , ,6,10, False, , ,7,28, False, , ,8,4, False, , ,9,14, False, , ,10,14, True, 142-154, 161-178,11,1, False, , ,12,6, True, 170-177, 192-201, C,17, False, , 
TEV, 1H4W,12.6,3.3,156,224,10, S195, H57, D102, N,8, False, , ,1,0, False, , ,2,1, False, , ,3,7, True, 43-56, 54-64,4,14, False, , ,5,3, False, , ,6,11, False, , ,7,26, False, , ,8,4, False, , ,9,22, True, 125-139, 157-180,10,14, True, 142-154, 183-198,11,1, False, , ,12,7, True, 169-177, 215-226, C,15, False, , 
TEV, 1HYL,13.6,3.1,164,230,12, S195, H57, D102, N,10, False, , ,1,2, False, , ,2,1, False, , ,3,9, True, 43-54, 54-63,4,11, False, , ,5,2, False, , ,6,11, True, 76-83, 90-104,7,29, False, , ,8,4, False, , ,9,23, True, 125-139, 157-180,10,13, True, 142-154, 183-198,11,3, False, , ,12,8, True, 169-177, 215-226, C,14, False, , 
TEV, 1KIG,12.1,3.5,164,241,13, S195, H57, D102, N,8, False, , ,1,0, False, , ,2,1, False, , ,3,9, True, 43-57, 54-66,4,14, False, , ,5,3, False, , ,6,11, False, , ,7,31, False, , ,8,4, True, 113-124, 140-156,9,22, True, 125-139, 157-180,10,14, True, 142-154, 183-198,11,5, False, , ,12,7, True, 169-176, 215-225, C,16, False, , 
TEV, 1L1J,14,3.1,171,226,13, S206, H97, D127, N,10, False, , ,1,27, True, 24-28, 46-77,2,1, False, , ,3,9, True, 43-56, 94-106,4,5, False, , ,5,3, False, , ,6,4, False, , ,7,24, False, , ,8,1, False, , ,9,23, True, 125-139, 170-194,10,9, True, 142-154, 197-209,11,2, False, , ,12,4, True, 167-177, 221-234, C,12, False, , 
TEV, 1M9U,12.7,3.3,164,241,11, S195, H57, D102, N,10, False, , ,1,1, False, , ,2,1, False, , ,3,11, True, 43-55, 54-64,4,13, False, , ,5,3, False, , ,6,13, True, 76-83, 90-104,7,28, False, , ,8,4, True, 113-124, 140-156,9,26, True, 125-139, 157-180,10,14, True, 142-154, 183-198,11,4, False, , ,12,10, True, 169-178, 215-227, C,11, False, , 
TEV, 1MBM,11.5,2.6,133,198,18, S120, H39, D65, N,4, False, , ,1,0, False, , ,2,1, False, , ,3,9, True, 43-56, 36-48,4,4, False, , ,5,2, False, , ,6,2, False, , ,7,22, False, , ,8,0, False, , ,9,8, False, , ,10,9, True, 142-154, 111-123,11,1, False, , ,12,3, False, , , C,1, False, , 
TEV, 1MKW,10.8,3.5,161,287,13, S195, H57, D102, N,8, False, , ,1,1, False, , ,2,1, False, , ,3,17, True, 43-55, 54-64,4,15, False, , ,5,2, False, , ,6,12, False, , ,7,31, False, , ,8,4, False, , ,9,22, True, 125-139, 157-180,10,17, True, 142-154, 183-198,11,7, False, , ,12,4, False, , , C,12, False, , 
TEV, 1NPM,13.1,3.2,160,223,15, S195, H57, D102, N,8, False, , ,1,0, False, , ,2,1, False, , ,3,7, True, 43-56, 54-64,4,12, False, , ,5,2, False, , ,6,14, True, 76-83, 90-104,7,26, False, , ,8,4, False, , ,9,22, True, 125-139, 157-180,10,13, True, 142-154, 183-198,11,1, False, , ,12,8, False, , , C,12, False, , 
TEV, 1OP0,13.1,3.2,164,234,13, S195, H57, D102, N,8, False, , ,1,0, False, , ,2,1, False, , ,3,7, True, 43-56, 54-65,4,14, False, , ,5,3, False, , ,6,12, False, , ,7,26, False, , ,8,4, False, , ,9,23, True, 125-139, 157-180,10,14, True, 142-154, 183-198,11,1, False, , ,12,8, True, 169-177, 215-226, C,16, False, , 
TEV, 1P3C,14.3,2.9,161,215,19, S171, H47, D97, N,8, False, , ,1,0, False, , ,2,1, False, , ,3,15, True, 43-56, 44-62,4,11, False, , ,5,2, False, , ,6,12, False, , ,7,24, False, , ,8,4, False, , ,9,11, False, , ,10,9, True, 142-154, 162-174,11,2, False, , ,12,4, True, 171-176, 190-195, C,14, False, , 
TEV, 1QTF,12.7,2.8,158,246,17, S186, H65, D114, N,22, False, , ,1,0, False, , ,2,1, False, , ,3,11, True, 43-55, 62-77,4,17, False, , ,5,2, False, , ,6,6, False, , ,7,30, False, , ,8,4, False, , ,9,8, False, , ,10,9, True, 142-154, 177-189,11,2, False, , ,12,3, True, 170-176, 204-210, C,29, False, , 
TEV, 1QY6,15.2,2.7,165,216,17, S169, H51, D93, N,8, False, , ,1,2, False, , ,2,1, False, , ,3,11, True, 43-55, 48-63,4,12, False, , ,5,2, False, , ,6,5, False, , ,7,30, False, , ,8,4, False, , ,9,11, False, , ,10,9, True, 142-154, 160-172,11,2, False, , ,12,3, True, 171-176, 188-192, C,14, False, , 
TEV, 1RGQ,10.6,3.5,141,186,15, S142, H60, D84, N,32, False, , ,1,0, False, , ,2,1, False, , ,3,7, True, 43-51, 57-65,4,1, False, , ,5,6, False, , ,6,4, False, , ,7,17, False, , ,8,0, False, , ,9,8, False, , ,10,15, True, 142-154, 127-145,11,2, False, , ,12,7, True, 171-176, 161-169, C,11, False, , 
TEV, 1SHY,12.5,2.8,156,228,12, Y673, Q534, D578, N,7, False, , ,1,0, False, , ,2,1, False, , ,3,11, True, 43-55, 531-544,4,15, False, , ,5,3, False, , ,6,5, False, , ,7,27, False, , ,8,4, False, , ,9,24, True, 125-139, 631-656,10,14, True, 142-154, 659-676,11,5, False, , ,12,7, True, 166-177, 690-704, C,13, False, , 
TEV, 1SPJ,12.9,3.3,160,236,13, S195, H57, D102, N,8, False, , ,1,0, False, , ,2,1, False, , ,3,7, True, 43-55, 54-64,4,14, False, , ,5,3, False, , ,6,20, True, 76-83, 90-104,7,27, False, , ,8,4, False, , ,9,22, True, 125-139, 157-180,10,14, True, 142-154, 183-198,11,1, False, , ,12,8, False, , , C,15, False, , 
TEV, 1SVP,8.9,3.8,135,160,13, A215, H141, D163, N,5, False, , ,1,0, False, , ,2,1, False, , ,3,5, True, 43-56, 138-145,4,2, False, , ,5,2, False, , ,6,4, False, , ,7,20, False, , ,8,3, False, , ,9,9, False, , ,10,12, True, 142-154, 203-218,11,2, False, , ,12,6, True, 171-176, 234-241, C,15, True, 181-None, 246-None
TEV, 1YC0,13,3.1,162,247,12, S598, H447, D497, N,8, False, , ,1,0, False, , ,2,1, False, , ,3,12, True, 43-55, 444-458,4,14, False, , ,5,2, False, , ,6,12, True, 76-83, 484-499,7,32, False, , ,8,4, False, , ,9,24, True, 125-139, 556-581,10,14, True, 142-154, 584-601,11,5, False, , ,12,7, True, 169-177, 618-629, C,12, False, , 
TEV, 1ZJK,11.7,3.3,157,389,11, S633, H483, D532, N,85, False, , ,1,0, False, , ,2,1, False, , ,3,11, True, 43-55, 480-495,4,12, False, , ,5,3, False, , ,6,12, True, 76-83, 519-534,7,30, False, , ,8,4, False, , ,9,28, True, 125-139, 587-616,10,14, True, 142-154, 619-636,11,7, False, , ,12,6, True, 170-177, 656-667, C,14, False, , 
TEV, 1LVM,37.5,0.9,214,229,100, C151, H46, D81, N,10, False, , ,1,2, False, , ,2,1, False, , ,3,10, False, , ,4,4, False, , ,5,7, False, , ,6,4, False, , ,7,22, False, , ,8,4, False, , ,9,13, False, , ,10,9, True, 142-154, 142-154,11,3, False, , ,12,4, True, 171-177, 171-177, C,39, True, 181-None, 181-None
TEV, 1LVO,14.6,2.7,155,301,14, C144, H41, V84, N,12, False, , ,1,0, False, , ,2,1, False, , ,3,24, True, 43-56, 38-66,4,3, False, , ,5,3, False, , ,6,2, False, , ,7,21, False, , ,8,2, False, , ,9,8, False, , ,10,9, True, 142-154, 135-147,11,5, False, , ,12,3, True, 170-177, 165-171, C,14, True, 180-None, 174-None
TEV, 2AS9,13.5,3.2,160,207,14, S158, H40, D78, N,12, False, , ,1,0, False, , ,2,1, False, , ,3,10, True, 43-56, 37-50,4,11, False, , ,5,3, False, , ,6,4, False, , ,7,33, False, , ,8,4, False, , ,9,11, False, , ,10,9, True, 142-154, 149-161,11,2, False, , ,12,4, True, 167-177, 173-185, C,10, False, , 
TEV, 2J92,17.1,2.5,172,201,15, A163, H46, D84, N,9, False, , ,1,2, False, , ,2,1, False, , ,3,10, True, 43-54, 43-54,4,0, False, , ,5,6, False, , ,6,12, False, , ,7,25, False, , ,8,1, False, , ,9,22, True, 125-139, 128-151,10,9, True, 142-154, 154-166,11,5, False, , ,12,2, False, , , C,11, False, , 
TEV, 2PUX,12.3,3.4,167,258,12, A195, H57, D102, N,8, False, , ,1,1, False, , ,2,1, False, , ,3,17, True, 43-55, 54-64,4,15, False, , ,5,2, False, , ,6,12, False, , ,7,31, False, , ,8,4, False, , ,9,22, True, 125-139, 157-180,10,17, True, 142-154, 183-198,11,7, False, , ,12,7, True, 169-177, 215-226, C,15, False, , 
TEV, 2QY0,12.5,3.2,162,237,10, S637, H485, D540, N,8, False, , ,1,0, False, , ,2,1, False, , ,3,13, True, 43-57, 482-502,4,13, False, , ,5,2, False, , ,6,14, True, 76-83, 525-542,7,28, False, , ,8,4, False, , ,9,27, True, 125-139, 592-620,10,14, True, 142-154, 623-640,11,7, False, , ,12,5, False, , , C,12, False, , 
TEV, 2W7U,14.2,3.1,164,200,19, S154, H39, D78, N,8, False, , ,1,0, False, , ,2,1, False, , ,3,11, True, 43-57, 36-51,4,11, False, , ,5,2, False, , ,6,4, False, , ,7,29, False, , ,8,3, False, , ,9,11, False, , ,10,9, True, 142-154, 145-157,11,2, False, , ,12,6, True, 169-177, 171-181, C,11, False, , 
TEV, 2WV9,10.3,4,135,600,10, S134, H50, D74, N,9, False, , ,1,2, False, , ,2,1, False, , ,3,5, True, 43-49, 47-53,4,3, False, , ,5,5, False, , ,6,4, False, , ,7,14, False, , ,8,1, True, 113-124, 98-106,9,14, False, , ,10,9, True, 142-154, 125-137,11,2, False, , ,12,7, True, 171-176, 153-161, C,0, False, , 
TEV, 2M9P,7.3,3.8,139,240,11, S196, H112, D136, N,75, False, , ,1,2, False, , ,2,1, False, , ,3,5, True, 43-49, 109-115,4,2, False, , ,5,6, False, , ,6,4, False, , ,7,14, False, , ,8,1, False, , ,9,14, True, 125-141, 169-186,10,9, True, 142-153, 187-198,11,2, False, , ,12,5, True, 171-176, 216-222, C,9, False, , 
TEV, 3CP7,12.9,2.9,161,216,9, S169, H41, D91, N,4, False, , ,1,2, False, , ,2,1, False, , ,3,15, True, 43-54, 38-54,4,11, False, , ,5,3, False, , ,6,12, False, , ,7,28, False, , ,8,4, False, , ,9,13, True, 125-140, 143-158,10,9, True, 142-154, 160-172,11,5, False, , ,12,4, True, 171-177, 191-198, C,10, False, , 
TEV, 3K65,10.5,3.5,159,274,16, A525, H363, D419, N,31, False, , ,1,1, False, , ,2,1, False, , ,3,17, True, 43-55, 360-379,4,15, False, , ,5,2, False, , ,6,12, False, , ,7,31, False, , ,8,2, False, , ,9,22, True, 125-139, 482-505,10,8, True, 142-154, 508-528,11,7, False, , ,12,4, False, , , C,14, False, , 
TEV, 3LKW,10.3,4,142,211,15, A185, H101, D125, N,35, False, , ,1,2, False, , ,2,1, False, , ,3,5, True, 43-49, 98-104,4,3, False, , ,5,5, False, , ,6,4, False, , ,7,14, False, , ,8,1, False, , ,9,14, False, , ,10,9, True, 142-154, 176-188,11,2, False, , ,12,5, True, 171-176, 205-211, C,9, False, , 
TEV, 3MMG,30.4,2,207,217,53, A151, H46, D81, N,10, False, , ,1,2, False, , ,2,1, False, , ,3,10, False, , ,4,4, False, , ,5,7, False, , ,6,4, False, , ,7,22, False, , ,8,4, False, , ,9,13, False, , ,10,9, True, 142-154, 142-154,11,3, False, , ,12,4, True, 171-177, 171-177, C,35, True, 181-None, 181-None
TEV, 3NWU,14.2,3.1,162,183,17, S328, H220, D250, N,10, False, , ,1,1, False, , ,2,1, False, , ,3,9, True, 43-54, 217-227,4,5, False, , ,5,2, False, , ,6,4, False, , ,7,23, False, , ,8,1, False, , ,9,10, False, , ,10,9, True, 142-154, 319-331,11,2, False, , ,12,2, False, , , C,7, False, , 
TEV, 3NZI,14.4,3.1,166,211,16, S328, H220, D250, N,10, False, , ,1,9, False, , ,2,1, False, , ,3,9, True, 43-54, 217-227,4,5, False, , ,5,2, False, , ,6,4, False, , ,7,23, False, , ,8,4, True, 113-124, 283-291,9,23, True, 125-139, 292-316,10,9, True, 142-154, 319-331,11,2, False, , ,12,3, False, , , C,13, False, , 
TEV, 3QO6,14.4,3.2,172,328,14, S282, H173, D203, N,10, False, , ,1,13, False, , ,2,1, False, , ,3,9, True, 43-54, 170-180,4,4, False, , ,5,3, False, , ,6,4, False, , ,7,24, False, , ,8,4, True, 113-124, 237-245,9,23, True, 125-139, 246-270,10,9, True, 142-154, 273-285,11,2, False, , ,12,8, True, 170-177, 300-311, C,15, False, , 
TEV, 3U1I,10.4,3.6,132,168,14, S135, H51, D75, N,9, False, , ,1,2, False, , ,2,1, False, , ,3,5, True, 43-49, 48-54,4,2, False, , ,5,6, False, , ,6,4, False, , ,7,14, False, , ,8,1, False, , ,9,14, False, , ,10,9, True, 142-154, 126-138,11,2, False, , ,12,7, True, 171-176, 154-162, C,4, False, , 
TEV, 3W94,12.5,3.4,161,235,10, S979, H836, D887, N,8, False, , ,1,0, False, , ,2,1, False, , ,3,11, True, 43-55, 833-848,4,15, False, , ,5,2, False, , ,6,11, True, 76-83, 875-889,7,28, False, , ,8,4, False, , ,9,23, True, 125-139, 941-964,10,14, True, 142-154, 967-982,11,5, False, , ,12,7, False, , , C,12, False, , 
TEV, 4BNR,12.2,3.5,160,237,12, S195, H57, D102, N,10, False, , ,1,2, False, , ,2,1, False, , ,3,14, True, 43-55, 54-64,4,14, False, , ,5,2, False, , ,6,11, False, , ,7,26, False, , ,8,4, False, , ,9,23, True, 125-139, 157-180,10,14, True, 142-154, 183-198,11,5, False, , ,12,7, True, 169-177, 215-227, C,12, False, , 
TEV, 4CRE,12.7,3.5,163,238,15, S195, H57, D102, N,8, False, , ,1,1, False, , ,2,1, False, , ,3,10, True, 43-55, 54-65,4,14, False, , ,5,2, False, , ,6,11, True, 76-83, 90-104,7,28, False, , ,8,4, True, 113-124, 140-156,9,23, True, 125-139, 157-180,10,14, True, 142-154, 183-198,11,5, False, , ,12,7, True, 169-177, 215-226, C,14, False, , 
TEV, 4DGJ,12.5,3.2,161,235,10, S187, H41, D92, N,8, False, , ,1,0, False, , ,2,1, False, , ,3,11, True, 43-55, 38-53,4,15, False, , ,5,2, False, , ,6,11, False, , ,7,28, False, , ,8,4, False, , ,9,23, True, 125-139, 146-170,10,14, True, 142-154, 173-190,11,5, False, , ,12,7, True, 169-177, 207-218, C,10, False, , 
TEV, 4FLN,15,3.4,173,464,11, S268, H159, D190, N,8, False, , ,1,14, False, , ,2,1, False, , ,3,9, True, 43-54, 156-166,4,5, False, , ,5,3, False, , ,6,4, False, , ,7,24, False, , ,8,3, True, 113-124, 224-233,9,21, False, , ,10,9, True, 142-154, 259-271,11,2, False, , ,12,4, True, 168-177, 284-296, C,137, False, , 
TEV, 4IC6,12.9,3.5,177,340,13, A292, H171, D214, N,10, False, , ,1,2, True, 23-32, 135-155,2,1, False, , ,3,18, True, 43-54, 168-187,4,9, False, , ,5,3, False, , ,6,4, False, , ,7,24, False, , ,8,1, False, , ,9,22, True, 125-139, 257-280,10,9, True, 142-154, 283-295,11,2, False, , ,12,8, True, 167-177, 307-321, C,129, False, , 
TEV, 4INK,13.6,3,157,203,18, S156, H39, D78, N,8, False, , ,1,0, False, , ,2,1, False, , ,3,10, True, 43-56, 36-49,4,12, False, , ,5,2, False, , ,6,4, False, , ,7,31, False, , ,8,4, False, , ,9,11, False, , ,10,9, True, 142-154, 147-159,11,2, False, , ,12,7, True, 170-177, 174-184, C,14, False, , 
TEV, 4K1T,12.9,3.1,152,203,20, S157, H39, D77, N,8, False, , ,1,0, False, , ,2,1, False, , ,3,10, True, 43-56, 36-49,4,11, False, , ,5,2, False, , ,6,4, False, , ,7,33, False, , ,8,4, True, 113-124, 120-132,9,11, False, , ,10,9, True, 142-154, 148-160,11,2, False, , ,12,4, False, , , C,10, False, , 
TEV, 4LK4,12.3,3.4,165,326,13, A221, H78, D125, N,11, False, , ,1,2, False, , ,2,1, False, , ,3,11, True, 43-55, 75-88,4,13, False, , ,5,2, False, , ,6,11, True, 76-83, 113-127,7,26, False, , ,8,4, False, , ,9,26, True, 125-139, 179-206,10,8, True, 142-154, 209-224,11,3, False, , ,12,4, True, 170-177, 240-251, C,20, False, , 
TEV, 4M9M,8.6,4,131,202,12, S1135, H1051, D1075, N,45, False, , ,1,2, False, , ,2,1, False, , ,3,5, True, 43-49, 1048-1054,4,3, False, , ,5,5, False, , ,6,4, False, , ,7,14, False, , ,8,1, False, , ,9,14, False, , ,10,9, True, 142-154, 1126-1138,11,2, False, , ,12,4, True, 171-176, 1155-1161, C,0, False, , 
TEV, 4R8T,8.9,3.5,123,141,12, S135, H51, D75, N,2, False, , ,1,2, True, 25-28, 29-32,2,1, False, , ,3,8, True, 43-55, 48-58,4,0, False, , ,5,3, False, , ,6,4, False, , ,7,14, False, , ,8,1, False, , ,9,14, False, , ,10,9, True, 141-154, 125-138,11,2, False, , ,12,0, False, , , C,0, False, , 
TEV, 5GVT,12.3,3.7,162,236,14, S195, H57, D102, N,8, False, , ,1,2, False, , ,2,1, False, , ,3,12, True, 43-55, 54-65,4,14, False, , ,5,2, False, , ,6,11, False, , ,7,28, False, , ,8,4, True, 113-124, 140-156,9,23, True, 125-139, 157-180,10,14, True, 142-154, 183-198,11,5, False, , ,12,6, True, 167-177, 213-226, C,12, False, , 
TEV, 5HM2,17.4,2.5,173,201,15, A163, H46, D84, N,9, False, , ,1,2, False, , ,2,1, False, , ,3,10, False, , ,4,0, False, , ,5,6, False, , ,6,12, False, , ,7,25, False, , ,8,1, False, , ,9,22, True, 125-139, 128-151,10,9, True, 142-154, 154-166,11,5, False, , ,12,2, False, , , C,11, False, , 
TEV, 5ILB,15.8,3.2,173,465,10, S268, H159, D190, N,6, False, , ,1,14, False, , ,2,1, False, , ,3,9, True, 43-54, 156-166,4,5, False, , ,5,3, False, , ,6,4, False, , ,7,24, False, , ,8,4, True, 113-124, 224-233,9,21, True, 125-139, 234-256,10,9, True, 142-154, 259-271,11,2, False, , ,12,7, True, 170-177, 286-296, C,137, False, , 
TEV, 5JXP,11.1,3.1,160,662,14, A652, H85, D226, N,15, False, , ,1,0, False, , ,2,1, False, , ,3,36, True, 43-57, 82-122,4,66, False, , ,5,3, False, , ,6,22, True, 76-83, 203-228,7,37, False, , ,8,4, False, , ,9,63, False, , ,10,9, True, 142-154, 643-655,11,2, False, , ,12,15, True, 170-177, 670-688, C,16, False, , 
TEV, 5LC0,9.1,3.8,135,193,10, S1135, H1051, D1075, N,40, True, None-18, None-1022,1,2, False, , ,2,1, False, , ,3,5, True, 43-49, 1048-1054,4,3, False, , ,5,5, False, , ,6,4, False, , ,7,14, False, , ,8,1, False, , ,9,14, False, , ,10,9, True, 142-154, 1126-1138,11,2, False, , ,12,7, True, 171-176, 1154-1162, C,5, False, , 
TEV, 5LPE,12.5,3.2,157,204,13, S195, H57, D102, N,8, False, , ,1,0, False, , ,2,1, False, , ,3,7, False, , ,4,7, False, , ,5,3, False, , ,6,9, True, 76-83, 90-104,7,26, False, , ,8,4, True, 113-124, 140-156,9,22, True, 125-139, 157-180,10,13, True, 142-154, 183-198,11,1, False, , ,12,8, True, 169-177, 215-226, C,10, False, , 
TEV, 5MM8,12.9,3.3,158,197,20, S155, H39, D77, N,8, False, , ,1,0, False, , ,2,1, False, , ,3,10, True, 43-56, 36-49,4,11, False, , ,5,2, False, , ,6,4, False, , ,7,31, False, , ,8,4, False, , ,9,11, False, , ,10,9, True, 142-154, 146-158,11,2, False, , ,12,2, False, , , C,12, False, , 
TEV, 5MZ4,7.7,3.5,122,704,9, S204, H110, D138, N,42, False, , ,1,0, False, , ,2,1, False, , ,3,5, True, 43-49, 107-113,4,2, False, , ,5,10, False, , ,6,4, False, , ,7,12, False, , ,8,4, False, , ,9,7, False, , ,10,21, True, 142-154, 183-207,11,3, False, , ,12,6, False, , , C,4, False, , 
TEV, 5WDX,9.6,3.9,149,642,17, S139, H57, D81, N,33, False, , ,1,0, False, , ,2,1, False, , ,3,5, True, 43-49, 54-60,4,2, False, , ,5,6, False, , ,6,4, False, , ,7,17, False, , ,8,0, False, , ,9,8, False, , ,10,15, True, 142-154, 124-142,11,2, False, , ,12,7, True, 171-176, 158-166, C,353, False, , 
TEV, 5Y28,14.6,3.1,167,277,15, S221, H116, D147, N,10, False, , ,1,0, False, , ,2,1, False, , ,3,9, True, 43-56, 113-125,4,5, False, , ,5,3, False, , ,6,4, False, , ,7,22, False, , ,8,1, False, , ,9,10, False, , ,10,9, True, 142-154, 212-224,11,2, False, , ,12,3, True, 168-177, 237-250, C,15, False, , 
TEV, 5YVU,10.4,3.4,138,601,15, A135, H51, D75, N,6, False, , ,1,1, True, 23-29, 27-34,2,1, False, , ,3,8, True, 43-55, 48-58,4,0, False, , ,5,3, False, , ,6,4, False, , ,7,14, False, , ,8,1, False, , ,9,14, False, , ,10,9, True, 142-153, 126-137,11,2, False, , ,12,7, True, 171-176, 154-162, C,297, False, , 
TEV, 5JWF,11.3,2.9,163,700,12, A655, H85, D227, N,15, False, , ,1,0, False, , ,2,1, False, , ,3,36, True, 43-57, 82-122,4,71, False, , ,5,3, False, , ,6,22, True, 76-83, 204-229,7,37, False, , ,8,4, False, , ,9,63, False, , ,10,9, True, 142-154, 646-658,11,2, False, , ,12,15, True, 170-177, 673-691, C,19, False, , 
TEV, 5T1V,8.5,3.9,126,163,13, S200, H116, D140, N,24, False, , ,1,2, False, , ,2,1, False, , ,3,5, True, 43-49, 113-119,4,3, False, , ,5,5, False, , ,6,4, False, , ,7,14, False, , ,8,1, False, , ,9,12, False, , ,10,9, True, 141-154, 190-203,11,2, False, , ,12,0, False, , , C,0, False, , 
TEV, 6BQJ,9.5,4.4,141,207,16, S139, H57, D81, N,31, False, , ,1,0, False, , ,2,1, False, , ,3,7, True, 43-51, 54-62,4,1, False, , ,5,6, False, , ,6,4, False, , ,7,17, False, , ,8,0, False, , ,9,8, False, , ,10,15, True, 142-154, 124-142,11,2, False, , ,12,7, True, 171-176, 158-166, C,11, False, , 
TEV, 6E0U,13,3,161,241,17, S216, H95, D142, N,21, False, , ,1,0, False, , ,2,1, False, , ,3,11, True, 43-55, 92-107,4,13, False, , ,5,2, False, , ,6,5, False, , ,7,30, False, , ,8,4, False, , ,9,10, False, , ,10,9, True, 142-154, 207-219,11,2, False, , ,12,4, True, 171-176, 235-240, C,28, False, , 
TEV, 6U1B,14.5,2.7,165,221,18, S235, H117, D159, N,16, True, None-18, None-88,1,2, False, , ,2,1, False, , ,3,11, True, 43-56, 114-130,4,12, False, , ,5,2, False, , ,6,4, False, , ,7,30, False, , ,8,4, False, , ,9,11, False, , ,10,9, True, 142-154, 226-238,11,2, False, , ,12,3, True, 171-176, 254-258, C,14, False, , 
